user_name,password,name,last_name,email
eforan0,YCLwTx44,Esmaria,Foran,eforan0@printfriendly.com
kwelham1,DKbT7t,Korrie,Welham,kwelham1@toplist.cz
bcleaton2,0PKqduljb,Benton,Cleaton,bcleaton2@twitpic.com
sstimson3,VdOgJHACJTx,Sheffield,Stimson,sstimson3@senate.gov
tsully4,nSnSmW3,Trixi,Sully,tsully4@timesonline.co.uk
bshucksmith5,ETybXw,Broddie,Shucksmith,bshucksmith5@nationalgeographic.com
estouther6,88otRi,Eden,Stouther,estouther6@addtoany.com
rtonn7,EhZJqALWFItK,Reeba,Tonn,rtonn7@omniture.com
rthomtson8,20taTCdd2e,Robby,Thomtson,rthomtson8@comcast.net
pbrokenshire9,JDucvMYeWE,Peggi,Brokenshire,pbrokenshire9@gravatar.com
jwilshawa,DM2ZL70X0pEn,Joya,Wilshaw,jwilshawa@go.com
mtonnb,j0FIZBIvW5V,Melvyn,Tonn,mtonnb@hexun.com
acremenc,pYwPgrLV2xZ,Alfred,Cremen,acremenc@bizjournals.com
dpadghamd,aBeTbaqrV9,Darci,Padgham,dpadghamd@addthis.com
dstrettone,3WGJdNlvsv,Dorisa,Stretton,dstrettone@sohu.com
pwombwellf,Upxu0d,Prescott,Wombwell,pwombwellf@umn.edu
wberthelmotg,8LI0mI,Wandie,Berthelmot,wberthelmotg@ucoz.ru
mmackaigh,KMPpU2HROj5j,Matias,MacKaig,mmackaigh@phoca.cz
dhowfordi,E5Iaycd,Datha,Howford,dhowfordi@thetimes.co.uk
bmunganej,LD8dDls8uPqu,Blakeley,Mungane,bmunganej@wsj.com
jdequinceyk,PwdWQ3LN8kz,Jourdan,de Quincey,jdequinceyk@instagram.com
hbroadistl,W4vMM1mtCPE,Harris,Broadist,hbroadistl@devhub.com
voutridgem,fnUVVZllkCO,Valeria,Outridge,voutridgem@chicagotribune.com
eraen,Y1leizsc0ZO5,Ephrayim,Rae,eraen@liveinternet.ru
jmchenryo,kgXuVx,Jeniffer,McHenry,jmchenryo@chicagotribune.com
cmcnerlinp,g0ZsAQCv,Carlye,McNerlin,cmcnerlinp@psu.edu
twheatonq,JOYKMzVIAdA,Tripp,Wheaton,twheatonq@wisc.edu
nflaggr,9vbd3rIymB,Nikkie,Flagg,nflaggr@pagesperso-orange.fr
fburneps,YAbHLcxyRXY,Florry,Burnep,fburneps@ocn.ne.jp
memeneyt,gKVKDl,Myles,Emeney,memeneyt@marketwatch.com
rbohlmannu,2UeTIdi,Richy,Bohlmann,rbohlmannu@ezinearticles.com
opalekv,C0Iep18lH0R,Osbert,Palek,opalekv@guardian.co.uk
dswannw,SHv3xNCpHzJH,Dermot,Swann,dswannw@noaa.gov
cstancliffex,Jws6suu,Cassy,Stancliffe,cstancliffex@domainmarket.com
amcbainy,QCZthg,Abbie,McBain,amcbainy@ow.ly
mbainbriggez,sLVoo56zOXt,Marlo,Bainbrigge,mbainbriggez@chicagotribune.com
cscurfield10,6T5iu0TLBY6,Claribel,Scurfield,cscurfield10@wunderground.com
rkeymer11,sWGcaDk9,Roseline,Keymer,rkeymer11@google.ca
aosheilds12,WwvO0oYK5,Alister,O'Sheilds,aosheilds12@github.com
qchippindale13,BZ5kpjzrxC4B,Quillan,Chippindale,qchippindale13@tripadvisor.com
kambrogini14,ELJmo7,Krishnah,Ambrogini,kambrogini14@yandex.ru
jhamlin15,NpAkAug,Jeno,Hamlin,jhamlin15@phpbb.com
ebellin16,7bI7oEe,Ermentrude,Bellin,ebellin16@odnoklassniki.ru
cdifrisco17,7RHHqqJ,Chevy,Di Frisco,cdifrisco17@elpais.com
nbenzie18,lySUP72MN0v,Nickolas,Benzie,nbenzie18@joomla.org
kglandfield19,4eD4WSH,Klarika,Glandfield,kglandfield19@unesco.org
dweakley1a,ULp29lsRYy,Derick,Weakley,dweakley1a@google.co.uk
apoile1b,n04Rew,Angelle,Poile,apoile1b@examiner.com
lbottini1c,XoU6mDexN,Lorens,Bottini,lbottini1c@w3.org
timms1d,nNems8r,Tami,Imms,timms1d@pinterest.com
cgouny1e,UkqPCe1d,Cristin,Gouny,cgouny1e@github.com
mousby1f,v3PXLuRAr6BT,Mikel,Ousby,mousby1f@apple.com
mmacmorland1g,nqubffFynMk,Marillin,MacMorland,mmacmorland1g@dagondesign.com
pbonsul1h,cZEwFN125zmB,Pall,Bonsul,pbonsul1h@sina.com.cn
scompton1i,xzbWIPI,Stesha,Compton,scompton1i@aboutads.info
bkubecka1j,G0go9j,Benito,Kubecka,bkubecka1j@123-reg.co.uk
rmurkus1k,GACxrd,Rafe,Murkus,rmurkus1k@ca.gov
abaudet1l,GzUg2ZXKKRra,Ame,Baudet,abaudet1l@state.tx.us
gkurth1m,HwM7K809uA,Gard,Kurth,gkurth1m@mashable.com
afee1n,TZdkg1qMGBn,Aurore,Fee,afee1n@dyndns.org
mmaun1o,jZmkrnt5jV8r,Micky,Maun,mmaun1o@virginia.edu
sbaskeyfied1p,XEICwAw,Serge,Baskeyfied,sbaskeyfied1p@chronoengine.com
jsummerson1q,X9vucQlc,Josephina,Summerson,jsummerson1q@bbc.co.uk
dhrishchenko1r,Xgkf4q65PW,Danni,Hrishchenko,dhrishchenko1r@answers.com
cspirit1s,kXAkCFThM,Corrie,Spirit,cspirit1s@cpanel.net
rgrut1t,Os0qw7t6IIF,Rozella,Grut,rgrut1t@cornell.edu
swixon1u,wW15jmEnu,Sande,Wixon,swixon1u@apache.org
irussam1v,UjarwOyMUjH,Ira,Russam,irussam1v@surveymonkey.com
bbullent1w,TQepzVp,Birgit,Bullent,bbullent1w@fda.gov
dbagger1x,eQAQ80qWXp,Dionne,Bagger,dbagger1x@google.com.br
dfiler1y,V5WZ2ev,Dennet,Filer,dfiler1y@wufoo.com
mjoskowicz1z,fD4QVxM,Michele,Joskowicz,mjoskowicz1z@newyorker.com
lmccarney20,qDfc1G9Pe,Leonidas,McCarney,lmccarney20@google.fr
acicchelli21,moP4xbmpH,Audrie,Cicchelli,acicchelli21@ftc.gov
bmattiussi22,MIXa7js2cFG5,Benton,Mattiussi,bmattiussi22@xinhuanet.com
jlilley23,X4HxgGM,Jeffry,Lilley,jlilley23@domainmarket.com
hchoak24,SZ2PEqE7R,Hector,Choak,hchoak24@ibm.com
mvinau25,4qCtxn,Mahmoud,Vinau,mvinau25@ucoz.com
mjotcham26,toqiXfCIk,Marlee,Jotcham,mjotcham26@flickr.com
sguisler27,TZLCH7jjjs,Saudra,Guisler,sguisler27@epa.gov
omatejka28,YLnnUkBPm,Oralle,Matejka,omatejka28@cmu.edu
proberti29,ZvRSRAnbpC,Pierre,Roberti,proberti29@icq.com
tspir2a,RNZs7s,Theresina,Spir,tspir2a@mapquest.com
hmccart2b,wAAGnbe1a,Hedy,McCart,hmccart2b@moonfruit.com
swordsworth2c,l5T8zjC4w,Sayers,Wordsworth,swordsworth2c@tuttocitta.it
shambers2d,SkVoe2,Stevie,Hambers,shambers2d@elpais.com
benticott2e,eGKjfa,Briggs,Enticott,benticott2e@1und1.de
mnockells2f,C8dujv6oQ,Martha,Nockells,mnockells2f@wunderground.com
aavery2g,zIviUQg,Archibold,Avery,aavery2g@51.la
aalfonsini2h,L9PHHnndc,Allx,Alfonsini,aalfonsini2h@marriott.com
cluesley2i,ItxM8m1Uu,Cornall,Luesley,cluesley2i@flavors.me
truby2j,vw6TijjbaDZ,Tonie,Ruby,truby2j@nymag.com
cstrutley2k,EEOSvvA,Cosme,Strutley,cstrutley2k@skype.com
jmacallan2l,KW38UWgk,Josefa,MacAllan,jmacallan2l@ucsd.edu
elabon2m,b3WEgwWM9,Everard,Labon,elabon2m@state.tx.us
hheister2n,GExyHyQiW7,Hannah,Heister,hheister2n@reverbnation.com
cpeiser2o,ZaTgkG,Celinda,Peiser,cpeiser2o@diigo.com
tpauwel2p,CuQKOk,Thedrick,Pauwel,tpauwel2p@sakura.ne.jp
cmorrill2q,msnqJmU,Casey,Morrill,cmorrill2q@telegraph.co.uk
sgockeler2r,pVU2ik,Stanislaw,Gockeler,sgockeler2r@flickr.com
mgillani2s,DJZ3QfmF87EU,Miguelita,Gillani,mgillani2s@jalbum.net
hlangthorn2t,W2Rex2KWV,Helen,Langthorn,hlangthorn2t@indiegogo.com
mjenne2u,CFDDdbeGh,Miran,Jenne,mjenne2u@wisc.edu
ngauntley2v,jV2QYtcwfFD,Nye,Gauntley,ngauntley2v@github.com
fmccoughan2w,6pTP1PmY,Ferrel,McCoughan,fmccoughan2w@wordpress.com
gcarayol2x,EI0g4VJX2soI,Gregg,Carayol,gcarayol2x@illinois.edu
dstrass2y,7BpRc9glWHl,Delila,Strass,dstrass2y@topsy.com
amellers2z,kxerIIz,Adolphus,Mellers,amellers2z@tumblr.com
lhandrock30,ihSlugoDgO,Lezlie,Handrock,lhandrock30@cmu.edu
mbinden31,2q0wZCr48,Marsha,Binden,mbinden31@netscape.com
ghelversen32,wF9TO1y,Germana,Helversen,ghelversen32@opensource.org
dsymonds33,Tsk01hp,Dur,Symonds,dsymonds33@berkeley.edu
bprimett34,mEZE3ZlPZl,Berti,Primett,bprimett34@admin.ch
lkacheller35,JfF86jUJ1K,Laina,Kacheller,lkacheller35@yandex.ru
mrigmond36,V6Qw7gl7,Melisenda,Rigmond,mrigmond36@elpais.com
afoker37,zcU6GFab,Amos,Foker,afoker37@gravatar.com
govendon38,isBB5tn,Guillema,Ovendon,govendon38@pbs.org
cwhitmarsh39,c5Pb7x6rxcX,Clerc,Whitmarsh,cwhitmarsh39@google.pl
ssly3a,dByP830H7G,Selina,Sly,ssly3a@reference.com
jtidey3b,puwKIVDSjgl,Jo,Tidey,jtidey3b@newyorker.com
mtellwright3c,lrUKCQ1H7OBb,Mano,Tellwright,mtellwright3c@ucsd.edu
pappleyard3d,ilAeZhzb5VJ,Pandora,Appleyard,pappleyard3d@usatoday.com
nlawless3e,ruROoV5,Nigel,Lawless,nlawless3e@addthis.com
jstledger3f,NOOkGjUJg,Jenifer,St. Ledger,jstledger3f@ucsd.edu
bstammirs3g,EQRcXoA,Bobbye,Stammirs,bstammirs3g@imageshack.us
chollingdale3h,bn6POrNGF9E,Carleton,Hollingdale,chollingdale3h@google.nl
gcastro3i,biUlH1ne,Genevieve,Castro,gcastro3i@tumblr.com
vivasechko3j,OiTjIhZ5,Val,Ivasechko,vivasechko3j@newyorker.com
lheller3k,yNkYNy3UWPRp,Leigh,Heller,lheller3k@phoca.cz
spersich3l,22uCqu3Y8xT4,Saunders,Persich,spersich3l@ezinearticles.com
agreggersen3m,mWYqjqck,Arnold,Greggersen,agreggersen3m@miibeian.gov.cn
utroman3n,Dua4aA,Uriah,Troman,utroman3n@slate.com
mprandin3o,8HqRRAeKKLOE,Marcella,Prandin,mprandin3o@addthis.com
lcarnew3p,T8sxEeeqEUT4,Loralee,Carnew,lcarnew3p@biglobe.ne.jp
jboldecke3q,k7EymUhMsNUi,Jess,Boldecke,jboldecke3q@ustream.tv
cpfaffe3r,lL6uPDbpwP,Claudie,Pfaffe,cpfaffe3r@ted.com
cmcgow3s,SMDqXM3paWO,Clem,McGow,cmcgow3s@amazon.co.jp
lcondliffe3t,QzXvSX,Lockwood,Condliffe,lcondliffe3t@wikia.com
nblaisdale3u,GELa16M0,Neddy,Blaisdale,nblaisdale3u@google.com.hk
esmissen3v,yteK47,Estelle,Smissen,esmissen3v@answers.com
etierney3w,UALMLAWiBG,Evaleen,Tierney,etierney3w@seesaa.net
dsebyer3x,DEZEPH,Dorey,Sebyer,dsebyer3x@webmd.com
rcockill3y,pAfahhCDJ88,Rhiamon,Cockill,rcockill3y@arizona.edu
tgerler3z,RNm46SQU,Tanney,Gerler,tgerler3z@wikimedia.org
amatejic40,CnXk1NsB1,Anselma,Matejic,amatejic40@who.int
enussii41,mYXF4yc2d,Eugenie,Nussii,enussii41@xinhuanet.com
chaydon42,7YxMXO8m,Corrinne,Haydon,chaydon42@people.com.cn
plehrian43,tuzpvGTMl,Phelia,Lehrian,plehrian43@123-reg.co.uk
lhazeldean44,fPjix3ROsF,Lorne,Hazeldean,lhazeldean44@weather.com
asalzen45,NeEOglM04crP,Ardisj,Salzen,asalzen45@wisc.edu
jwoolbrook46,sXq1fLO5Q,Jaimie,Woolbrook,jwoolbrook46@dedecms.com
ltweede47,GQCGPT,Loree,Tweede,ltweede47@wunderground.com
ulafont48,34xcAUI,Umberto,Lafont,ulafont48@infoseek.co.jp
sbrydone49,zsOb5U,Shurwood,Brydone,sbrydone49@huffingtonpost.com
asach4a,ai68EiP,Ardene,Sach,asach4a@flavors.me
cbaggiani4b,vgaQHU,Clarine,Baggiani,cbaggiani4b@vk.com
vthurlby4c,RCuFILF5,Vinnie,Thurlby,vthurlby4c@a8.net
mdanher4d,XpS9fk,Margo,Danher,mdanher4d@google.fr
mstott4e,SYnF80,Milton,Stott,mstott4e@google.it
jkeyzman4f,ThDS5xP,Jody,Keyzman,jkeyzman4f@dailymotion.com
rmiddlehurst4g,UT8kjAAbZtKZ,Robby,Middlehurst,rmiddlehurst4g@youtu.be
xsneden4h,msDY4usTze3,Xylia,Sneden,xsneden4h@mapy.cz
rthomason4i,I8XZtMzZb,Raynard,Thomason,rthomason4i@eepurl.com
akrysiak4j,P4DOeW,Auroora,Krysiak,akrysiak4j@xing.com
dulster4k,1QQzOIQSU6,Delinda,Ulster,dulster4k@bing.com
cgoodere4l,vaPihBZNF,Carolyne,Goodere,cgoodere4l@t.co
lasling4m,fNj179,Lorette,Asling,lasling4m@last.fm
nnarducci4n,xqH3d6F,Noel,Narducci,nnarducci4n@latimes.com
kbutchers4o,byPUt52KF,Kathy,Butchers,kbutchers4o@eventbrite.com
pcaughte4p,MAHPH8m,Portie,Caughte,pcaughte4p@list-manage.com
eklebes4q,f0E6sj2U,Eleanor,Klebes,eklebes4q@pagesperso-orange.fr
crickcord4r,XADCgEFy4iA,Cristian,Rickcord,crickcord4r@ovh.net
flindenboim4s,GKR2ve1p,Fayth,Lindenboim,flindenboim4s@nih.gov
kmalarkey4t,PQXipEJw4,Keenan,Malarkey,kmalarkey4t@spotify.com
byglesia4u,4oF7CMPH,Barn,Yglesia,byglesia4u@microsoft.com
dverbrugghen4v,zVaxvGvM7RYP,Daffy,Verbrugghen,dverbrugghen4v@alexa.com
cfife4w,eHV5HMLvX,Caitlin,Fife,cfife4w@barnesandnoble.com
msheen4x,Whff9x,Millicent,Sheen,msheen4x@ask.com
kemnoney4y,z0EWU7,Karissa,Emnoney,kemnoney4y@csmonitor.com
pkohtler4z,zeK4XZ,Penn,Kohtler,pkohtler4z@jiathis.com
rdayes50,AJEeUVOgMMrS,Ron,Dayes,rdayes50@tinypic.com
cmarusik51,XYngHVn,Costa,Marusik,cmarusik51@goodreads.com
hdarlison52,OUxXW1,Hammad,Darlison,hdarlison52@globo.com
bwilcher53,u4EtvyuVUwpb,Buddie,Wilcher,bwilcher53@behance.net
bsimco54,kAOoxrdewSxA,Bonnibelle,Simco,bsimco54@huffingtonpost.com
lmacskeaghan55,HlJCi5W6Jx,Leigh,MacSkeaghan,lmacskeaghan55@wikimedia.org
bballs56,Wp9V3SfV,Berni,Balls,bballs56@archive.org
abiggans57,Fro4Jn,Austina,Biggans,abiggans57@phpbb.com
ddonson58,pExYIXB0bo,Davita,Donson,ddonson58@craigslist.org
akeelin59,6NtwdebI,Alvira,Keelin,akeelin59@disqus.com
lbrookzie5a,M2L90tYLbe,Leif,Brookzie,lbrookzie5a@netscape.com
xbeccera5b,GwXD8gr,Xylina,Beccera,xbeccera5b@sourceforge.net
rmachen5c,KBLoHhMjJL,Randy,Machen,rmachen5c@bloglines.com
lyeskin5d,Uvill6ft6,Latrina,Yeskin,lyeskin5d@google.ca
jhuchot5e,bDw4512dKT,Julie,Huchot,jhuchot5e@furl.net
dconradie5f,TrNcezM2WOc9,Delano,Conradie,dconradie5f@mozilla.org
ccunniam5g,k6exgpUC,Chery,Cunniam,ccunniam5g@twitpic.com
tlangcaster5h,uxXDHKG,Tani,Langcaster,tlangcaster5h@imageshack.us
wbuglar5i,cpOwWAZ,Wenona,Buglar,wbuglar5i@globo.com
mlarkcum5j,Y66J7MNI,Madalena,Larkcum,mlarkcum5j@about.com
ecaghan5k,hONhw4wN,Essy,Caghan,ecaghan5k@bloglines.com
rmicheli5l,KwbCNB7,Ramsay,Micheli,rmicheli5l@dagondesign.com
aratnage5m,g3Zuzu,Aileen,Ratnage,aratnage5m@about.com
aoldershaw5n,XthGZFt5zb,Anet,Oldershaw,aoldershaw5n@delicious.com
lbelfield5o,SCfsrMd,Leigh,Belfield,lbelfield5o@apache.org
mmoral5p,squLGeBlm3M,Martie,Moral,mmoral5p@purevolume.com
uberney5q,k5e5Pzz,Una,Berney,uberney5q@sphinn.com
bbrear5r,aRUDJQto,Bert,Brear,bbrear5r@phoca.cz
rwyard5s,7dEeknW,Rob,Wyard,rwyard5s@bandcamp.com
jwolfer5t,GQWhxP5LJSaV,Jaquenetta,Wolfer,jwolfer5t@businessinsider.com
ccroote5u,RTFXagD0Ps,Codie,Croote,ccroote5u@addthis.com
ekunz5v,jdigbl5TFweC,Edith,Kunz,ekunz5v@prlog.org
sdowns5w,aq04VW5PKwY,Sawyer,Downs,sdowns5w@mysql.com
sshipp5x,uXNm6MR,Shina,Shipp,sshipp5x@uiuc.edu
asindell5y,pmEPbgVpn,Annora,Sindell,asindell5y@youtu.be
ahobden5z,gZfw7CPa,Arnold,Hobden,ahobden5z@liveinternet.ru
bloding60,IslGFTi,Bennett,Loding,bloding60@woothemes.com
dbrockett61,GTwvm06GXT40,Donal,Brockett,dbrockett61@reference.com
cvakhlov62,5hsHPFxL,Cordelie,Vakhlov,cvakhlov62@flavors.me
sstride63,8zOuMHaWRQ,Stanleigh,Stride,sstride63@mtv.com
jrichford64,YR9H4yLrAg,Jana,Richford,jrichford64@alexa.com
mmacwhan65,CI1Cqvj,Merola,MacWhan,mmacwhan65@reverbnation.com
hacuna66,UMY7UepVd,Hasty,Acuna,hacuna66@loc.gov
pcammiemile67,yZ6LOtaE5B,Pansie,Cammiemile,pcammiemile67@cbslocal.com
akoppeck68,8PsD8a8BZmpl,Angelico,Koppeck,akoppeck68@seattletimes.com
aebdin69,On6y89B5PX,Agnes,Ebdin,aebdin69@cargocollective.com
fhuzzey6a,pb3FC2U,Fielding,Huzzey,fhuzzey6a@devhub.com
tmuggleston6b,0ulo0Kj,Tan,Muggleston,tmuggleston6b@de.vu
jmunks6c,VCBnHXc,Jackie,Munks,jmunks6c@sun.com
orobertazzi6d,wV7l7UAeLOdi,Olvan,Robertazzi,orobertazzi6d@google.co.jp
ckilshaw6e,Lor9RIC5GXo,Cathy,Kilshaw,ckilshaw6e@ask.com
apenton6f,r4v0rJ3J,Ariela,Penton,apenton6f@google.it
mduffin6g,sPbd5vw,Marita,Duffin,mduffin6g@theatlantic.com
epearson6h,PBZpGluKnPt,Esther,Pearson,epearson6h@livejournal.com
gpoe6i,P4vCKFxe,Gerard,Poe,gpoe6i@seattletimes.com
rwitterick6j,KL3DTf,Royall,Witterick,rwitterick6j@elegantthemes.com
cseeks6k,GPs1T5RLKtt,Cord,Seeks,cseeks6k@shop-pro.jp
ctomaselli6l,ONIBSWYf,Craig,Tomaselli,ctomaselli6l@istockphoto.com
bboyet6m,JSLzIDrv,Bud,Boyet,bboyet6m@sphinn.com
ahanhardt6n,SklEjN9,Adolphus,Hanhardt,ahanhardt6n@gravatar.com
msponer6o,2Syrk20p,Myles,Sponer,msponer6o@nba.com
mdalmeida6p,PdvWBET6euHb,Millie,D'Almeida,mdalmeida6p@weebly.com
sdunbabin6q,TSq7DUEcu,Shannon,Dunbabin,sdunbabin6q@bing.com
hsappell6r,8xL5DFkol,Hobard,Sappell,hsappell6r@ifeng.com
bitzcovichch6s,22eDiWWw,Bryna,Itzcovichch,bitzcovichch6s@walmart.com
aowain6t,9N0kz7PqExD,Aldous,Owain,aowain6t@dot.gov
cstothard6u,PyhEGFQY7,Casey,Stothard,cstothard6u@gmpg.org
rgillion6v,4ZcDbfTMz,Ricardo,Gillion,rgillion6v@ebay.com
landresen6w,AS7oF3OeDyLl,Lise,Andresen,landresen6w@webeden.co.uk
lbeevors6x,RmpvBnJ,Lemmy,Beevors,lbeevors6x@people.com.cn
chame6y,GGn8ezshX,Chris,Hame,chame6y@pcworld.com
jregus6z,xjh9bSL8A,Jarret,Regus,jregus6z@webeden.co.uk
fmoneypenny70,DNLNOeq6XQv,Florinda,Moneypenny,fmoneypenny70@go.com
lbranche71,5eLFX8tt,Luigi,Branche,lbranche71@yale.edu
lrouse72,2F6ZomWcHguD,Lenora,Rouse,lrouse72@dagondesign.com
vdolan73,kgdy3n,Vernice,Dolan,vdolan73@t-online.de
mosullivan74,jTvL7NrH,Marmaduke,O Sullivan,mosullivan74@usatoday.com
dcaveill75,ZUt21pl0,Daven,Caveill,dcaveill75@infoseek.co.jp
dchallicum76,qOo8BmyN,Duke,Challicum,dchallicum76@smugmug.com
drea77,1mO7DkuuJMjz,Daven,Rea,drea77@netvibes.com
aslowcock78,hFPaU8,Adrianna,Slowcock,aslowcock78@npr.org
kgribbins79,sntrN14JzsC,Kelby,Gribbins,kgribbins79@tinypic.com
lstearnes7a,pwnoykQsM,Lanni,Stearnes,lstearnes7a@hostgator.com
lmocquer7b,gLJVVtZAPut,Lowrance,Mocquer,lmocquer7b@eventbrite.com
ogidden7c,ba5zcIFu5,Ofelia,Gidden,ogidden7c@ucsd.edu
gbrydone7d,LhJGRFut,Goddart,Brydone,gbrydone7d@geocities.jp
jvernon7e,ZwGrTd2fY,Joni,Vernon,jvernon7e@quantcast.com
swynn7f,bBxJpwN,Sonny,Wynn,swynn7f@unc.edu
dgrassett7g,i2abYJGHP9mC,Diannne,Grassett,dgrassett7g@macromedia.com
aaupol7h,U880w7edzy0x,Annora,Aupol,aaupol7h@irs.gov
wgraine7i,OldZWl2eC7,Wes,Graine,wgraine7i@ustream.tv
csomerlie7j,FsKjWnqoMb,Carson,Somerlie,csomerlie7j@seattletimes.com
jswannick7k,P3iaUnLu,Josefina,Swannick,jswannick7k@tmall.com
atabbernor7l,55HyCysJ,Alejandrina,Tabbernor,atabbernor7l@reuters.com
ptuckett7m,alnx7XC6,Paulita,Tuckett,ptuckett7m@epa.gov
hbeazey7n,8F0KPWJLMSV,Hanna,Beazey,hbeazey7n@wunderground.com
rgravener7o,YJKOGU,Rod,Gravener,rgravener7o@economist.com
tzecchii7p,tP2O0Je,Tabor,Zecchii,tzecchii7p@arstechnica.com
mmackey7q,UsgnFkE,Malva,MacKey,mmackey7q@domainmarket.com
rspaxman7r,bniDVJ7,Remy,Spaxman,rspaxman7r@sbwire.com
nbernasek7s,tyF7MFdQ,Nola,Bernasek,nbernasek7s@etsy.com
mboydell7t,quO4OibH,Marion,Boydell,mboydell7t@mail.ru
ppuve7u,dbyrCLSbbCBL,Patsy,Puve,ppuve7u@joomla.org
kerskin7v,4QPKGpLq,Kaia,Erskin,kerskin7v@mapy.cz
lattwooll7w,1h0ROD9aVs,Lonna,Attwooll,lattwooll7w@mapy.cz
mmarkussen7x,2H7Ya0bFfc7b,Myrvyn,Markussen,mmarkussen7x@amazon.co.jp
gdyment7y,lnRTGqu,Gwenette,Dyment,gdyment7y@sciencedaily.com
bclempton7z,B4ZtT8Ky08o,Bartolomeo,Clempton,bclempton7z@indiegogo.com
mpolhill80,FoB1xPxuFkpL,Maryl,Polhill,mpolhill80@privacy.gov.au
mcheeke81,JQtAltcDQoJ,Melodee,Cheeke,mcheeke81@time.com
wneising82,KisayZoNr,Wallace,Neising,wneising82@hao123.com
ldonohoe83,brqkdhze0,Laverne,Donohoe,ldonohoe83@reuters.com
aharvison84,5qb7WGNckdSs,Arvin,Harvison,aharvison84@ucla.edu
gcrombie85,DIZh63i,Gizela,Crombie,gcrombie85@skype.com
mcosyns86,W1ArXi,Mychal,Cosyns,mcosyns86@ihg.com
ghadgraft87,arIEtgWqZUs,Gayla,Hadgraft,ghadgraft87@intel.com
mfolca88,IDWAnSmzMxoZ,Meridith,Folca,mfolca88@whitehouse.gov
vzylbermann89,CHBajzdlpRnE,Verna,Zylbermann,vzylbermann89@php.net
emulqueen8a,MxFEnUw,Elmore,Mulqueen,emulqueen8a@cbslocal.com
lgreenless8b,0W4NgzdhXTeY,Lonee,Greenless,lgreenless8b@icio.us
zkarpinski8c,USrpyJuXkq,Zane,Karpinski,zkarpinski8c@skype.com
jvaugham8d,WDlTKIwZKhaI,Jesselyn,Vaugham,jvaugham8d@blogtalkradio.com
msimenel8e,rSPAWzT8CDtf,Mahmoud,Simenel,msimenel8e@360.cn
lroubert8f,8e98LgH,Linoel,Roubert,lroubert8f@blogger.com
rchellam8g,zEmLBk7jIXy,Robbie,Chellam,rchellam8g@marketwatch.com
kaberkirdo8h,nDJYzPR8,Kaylil,Aberkirdo,kaberkirdo8h@icq.com
rjenkyn8i,JmThVyXqB,Renae,Jenkyn,rjenkyn8i@kickstarter.com
gpear8j,CihxXN,Gare,Pear,gpear8j@hugedomains.com
czisneros8k,Y61fd4,Carmella,Zisneros,czisneros8k@ucsd.edu
csidaway8l,lnFMqMe2v,Crissy,Sidaway,csidaway8l@cargocollective.com
mlegrove8m,Mhbj8h,Matteo,Le Grove,mlegrove8m@wikipedia.org
skauble8n,Ol2tmlmcge4,Sula,Kauble,skauble8n@nature.com
vminshaw8o,zLqK65Lq8o,Vaughn,Minshaw,vminshaw8o@reuters.com
ldziwisz8p,AebIoBub,Lars,Dziwisz,ldziwisz8p@unc.edu
dhawtrey8q,p732IZwpcsMW,Derward,Hawtrey,dhawtrey8q@hatena.ne.jp
kdormand8r,EzpDhfq,Katey,Dormand,kdormand8r@washington.edu
sleavry8s,yzDW5iRT,Steffie,Leavry,sleavry8s@freewebs.com
kmoroney8t,kMB5iW,Kassandra,Moroney,kmoroney8t@marriott.com
gsawrey8u,lPFu4uI,Gard,Sawrey,gsawrey8u@uol.com.br
agriffith8v,XNLRbNas,Anestassia,Griffith,agriffith8v@miitbeian.gov.cn
kbeccero8w,ktiv2vGCYEMV,Keane,Beccero,kbeccero8w@gizmodo.com
lbrusin8x,cMkt1z3BP9Z,Lotty,Brusin,lbrusin8x@telegraph.co.uk
rpechard8y,7Oo454hss,Rosamond,Pechard,rpechard8y@smugmug.com
ashawyers8z,nN12RIzee,Aridatha,Shawyers,ashawyers8z@unblog.fr
gevequot90,FunXzuH,Georgi,Evequot,gevequot90@infoseek.co.jp
cdron91,OlLt316n,Chrisy,Dron,cdron91@princeton.edu
ccardozo92,UWKzeEgzW,Crysta,Cardozo,ccardozo92@edublogs.org
mchaulk93,PGQhIXwq9OOR,Mattie,Chaulk,mchaulk93@npr.org
fkegley94,ru38tf0T,Felix,Kegley,fkegley94@illinois.edu
erimington95,Bw7UGlpu,Erica,Rimington,erimington95@uol.com.br
dkermon96,5m8uyoWXiZ0V,Doll,Kermon,dkermon96@meetup.com
tdoog97,oKfKafdOABE,Tammy,Doog,tdoog97@opensource.org
ahenderson98,KjH0AIpY,Aurthur,Henderson,ahenderson98@accuweather.com
lsimenon99,AZsz89t,Laurice,Simenon,lsimenon99@uol.com.br
gmascall9a,n9uwDytA,Giffie,Mascall,gmascall9a@hc360.com
mmackintosh9b,ILx12SS,Mitzi,MacKintosh,mmackintosh9b@joomla.org
baskaw9c,2joqgtBVJ,Brande,Askaw,baskaw9c@dailymail.co.uk
tmiche9d,pD5R6W,Thorsten,Miche,tmiche9d@stanford.edu
bdruery9e,Oxok5Ts,Beryle,Druery,bdruery9e@soundcloud.com
jbridge9f,GvJmowNvXnw,Jacquelynn,Bridge,jbridge9f@smugmug.com
hjeeks9g,nRa219,Harmonie,Jeeks,hjeeks9g@woothemes.com
jhembling9h,PRWUkZ,Justus,Hembling,jhembling9h@dailymail.co.uk
lhalle9i,Y8fsZDbCLr,Lyn,Halle,lhalle9i@technorati.com
pconway9j,yTiwOzn,Paulette,Conway,pconway9j@merriam-webster.com
zroger9k,ii4T4OSXCElE,Zorina,Roger,zroger9k@walmart.com
hvella9l,8ekS68RWL,Hazel,Vella,hvella9l@reuters.com
aonoulane9m,BDcLqm7pn,Aluin,O'Noulane,aonoulane9m@alibaba.com
acoady9n,OqaqTXNxN,Alyda,Coady,acoady9n@themeforest.net
mbareham9o,lU0Fjmynhqbl,Mirelle,Bareham,mbareham9o@wix.com
mwillbourne9p,fPN5xBm6E2j4,Marja,Willbourne,mwillbourne9p@cloudflare.com
wpaulack9q,VO2nqLa7Y,Ware,Paulack,wpaulack9q@icio.us
jseebert9r,GGFtOZ6g,Joachim,Seebert,jseebert9r@unc.edu
bdorey9s,NVRYom8,Barclay,Dorey,bdorey9s@163.com
ttuer9t,HLEx150OM,Tudor,Tuer,ttuer9t@constantcontact.com
adeetch9u,1dUzyLCcTgMn,Alis,Deetch,adeetch9u@xinhuanet.com
jbampfield9v,aGzgX4,Jayme,Bampfield,jbampfield9v@vk.com
kgieraths9w,vJSeU9JhBgJI,Kellen,Gieraths,kgieraths9w@cnet.com
kdrugan9x,6U1pFOTcv,Kitti,Drugan,kdrugan9x@miibeian.gov.cn
ldrayton9y,znp1TjUp81,Lottie,Drayton,ldrayton9y@bloglovin.com
edabel9z,I5BJQ9Jz,Em,Dabel,edabel9z@nba.com
vwoodgera0,wqJe62,Vern,Woodger,vwoodgera0@bloomberg.com
meynauda1,EhAc4fZkRmYT,Merilee,Eynaud,meynauda1@amazon.de
msainza2,XJfDDND,Marty,Sainz,msainza2@github.io
emontrosea3,KcoOVdOrKv1,Esteban,Montrose,emontrosea3@blog.com
ftroctora4,qosF2ZD5fpG,Feliza,Troctor,ftroctora4@moonfruit.com
izorenera5,rDozqZp7C1T,Ingar,Zorener,izorenera5@hc360.com
gmenaulta6,Lb0Qiacqx8,Gunter,Menault,gmenaulta6@wikipedia.org
zcamocka7,mTVdQph5CgoE,Zonnya,Camock,zcamocka7@xing.com
lhutleya8,hvXPh21iVz,Luelle,Hutley,lhutleya8@chron.com
bguna9,P8n2Ij,Bernie,Gun,bguna9@fotki.com
pedgcumbeaa,RFNRDJo,Pembroke,Edgcumbe,pedgcumbeaa@bbc.co.uk
rmalkinsonab,yreaNDU2H,Ruthi,Malkinson,rmalkinsonab@digg.com
loverstallac,3mgvaxRpDP,Lyn,Overstall,loverstallac@bloglines.com
rmarcamad,2XD6ZGE,Rasla,Marcam,rmarcamad@bloomberg.com
lkeelingae,99ZM10y,Lief,Keeling,lkeelingae@mapquest.com
bbolsteridgeaf,uu9oFkoZG,Boothe,Bolsteridge,bbolsteridgeaf@arizona.edu
acrosskellag,31339ZuMHGT,Amabelle,Crosskell,acrosskellag@amazonaws.com
kpargiterah,Bl9woKFAjy,Keven,Pargiter,kpargiterah@miibeian.gov.cn
ascimoniai,5tBq8T5sOO8w,Alecia,Scimoni,ascimoniai@parallels.com
jsampsonaj,SCM5ePZnXIs,Jyoti,Sampson,jsampsonaj@ucla.edu
ggaitak,fWyEKOKh8BR,Georgiana,Gait,ggaitak@vk.com
mlewinsal,qOgyqT5j4,Margarita,Lewins,mlewinsal@zimbio.com
mkingcottam,tS7W1t0U5a,Milton,Kingcott,mkingcottam@blogspot.com
gcookean,nDCtj2rE3,Georgeta,Cooke,gcookean@addtoany.com
bmoxsteadao,bZOVLY,Baxie,Moxstead,bmoxsteadao@blinklist.com
dblaydap,ddCe6Q,Dalli,Blayd,dblaydap@zdnet.com
washbyaq,THJU1i8qlL3,Wallie,Ashby,washbyaq@people.com.cn
sbelwardar,YGejEubIJKG,Selestina,Belward,sbelwardar@wikimedia.org
ahuyhtonas,sJrezCivV,Alexi,Huyhton,ahuyhtonas@webeden.co.uk
agrigoliat,MDMSDHmAl,Alix,Grigoli,agrigoliat@theatlantic.com
imillisau,o9rYJSDf,Izaak,Millis,imillisau@qq.com
jfortunav,YqZblY8M,Janette,Fortun,jfortunav@addtoany.com
cleveneaw,JUS5vq15y,Channa,Levene,cleveneaw@google.es
hcluerax,eoiZlU6pD,Harmon,Cluer,hcluerax@apple.com
kplunketay,zwvSEvgteTDU,Kinna,Plunket,kplunketay@ihg.com
ogiddonsaz,Mp66tkXBYu9f,Olly,Giddons,ogiddonsaz@photobucket.com
dspurdleb0,v8XXuhYvnU,Darice,Spurdle,dspurdleb0@sciencedaily.com
wfishleyb1,SAVowe,Winona,Fishley,wfishleyb1@yahoo.com
dhandfordb2,ZCSyht,Dominik,Handford,dhandfordb2@hatena.ne.jp
aheinekeb3,ogCOgjZNeH,Aleda,Heineke,aheinekeb3@spiegel.de
mklimentyevb4,GudRkppx,May,Klimentyev,mklimentyevb4@jalbum.net
ghoundsomb5,BRUSekLXQ,Gizela,Houndsom,ghoundsomb5@answers.com
zchamberlainb6,TUZA6m,Zara,Chamberlain,zchamberlainb6@domainmarket.com
rballendineb7,kdHOOeg9M,Rivkah,Ballendine,rballendineb7@nba.com
cteekb8,is5TIEv,Chiquia,Teek,cteekb8@facebook.com
wjacobsohnb9,7YnOCduPGO,Wynnie,Jacobsohn,wjacobsohnb9@statcounter.com
abrugmanba,gZpG5EUNOU,Aldon,Brugman,abrugmanba@weather.com
bbodicambb,uzNXAMCG,Bill,Bodicam,bbodicambb@toplist.cz
pfretsonbc,Bgi28h3,Pietra,Fretson,pfretsonbc@wired.com
jbroadhurstbd,afCEgC,Jemie,Broadhurst,jbroadhurstbd@boston.com
drosenfeldbe,qXSQrqg,Dalston,Rosenfeld,drosenfeldbe@hud.gov
lgarnbf,VxfnFO8,Lisle,Garn,lgarnbf@csmonitor.com
rcurneenbg,htWsEFvE,Rahel,Curneen,rcurneenbg@npr.org
ddjorvicbh,KjJv1WSv,Drucill,Djorvic,ddjorvicbh@ucsd.edu
edavinetbi,j4PD1LIzgs,Emalia,Davinet,edavinetbi@nature.com
dweemsbj,svrXlL,Dawna,Weems,dweemsbj@ucsd.edu
cbarthrambk,w3oMjD88,Cassey,Barthram,cbarthrambk@technorati.com
dmalanbl,f4gU6zK,Derron,Malan,dmalanbl@desdev.cn
myaneevbm,7JveknbLt,Marla,Yaneev,myaneevbm@xinhuanet.com
rbaudebn,BJ6USE47LU2N,Rachael,Baude,rbaudebn@dell.com
ecranfieldbo,AirV2Kf4Aw,Ertha,Cranfield,ecranfieldbo@constantcontact.com
jserotskybp,orKZkar9oF,Joanna,Serotsky,jserotskybp@berkeley.edu
cmanzellbq,OdHDQh,Cilka,Manzell,cmanzellbq@t-online.de
gyearnebr,y7zPOi,Grover,Yearne,gyearnebr@51.la
hhehirbs,VVEKZ9JUFotF,Hali,Hehir,hhehirbs@histats.com
rfurbankbt,DIyZQVNCYx,Randall,Furbank,rfurbankbt@privacy.gov.au
dhapgoodbu,f0ylNpSO4H,Dag,Hapgood,dhapgoodbu@dmoz.org
lemmotbv,92eEWyweyb,Letisha,Emmot,lemmotbv@hc360.com
wduffiebw,tMvNvlpl,Waldemar,Duffie,wduffiebw@wunderground.com
bleaskbx,3afR4KeqI,Borg,Leask,bleaskbx@rediff.com
fdmychby,jyc1ugV,Fritz,Dmych,fdmychby@woothemes.com
enovicbz,0T522GkX,Emiline,Novic,enovicbz@cisco.com
kgoburnc0,iVPBVD2im6,Katherine,Goburn,kgoburnc0@nydailynews.com
mdavittc1,7jlpjigEoELC,Malinde,Davitt,mdavittc1@moonfruit.com
daberdeinc2,7cSH3YW,Dru,Aberdein,daberdeinc2@live.com
glucusc3,NTdkr63N1YHY,Gianni,Lucus,glucusc3@microsoft.com
gjozsac4,qMgWlCjjG,Guinevere,Jozsa,gjozsac4@ow.ly
bdarracottc5,2o0qHTZQC9i,Brynne,Darracott,bdarracottc5@de.vu
fvondrac6,UfBokDrxqBc,Findlay,Vondra,fvondrac6@mashable.com
ljarleyc7,J2V0Xcr,Letti,Jarley,ljarleyc7@webmd.com
bsaywardc8,25zGNMQiVdXE,Brandy,Sayward,bsaywardc8@usa.gov
dpidgenc9,TMkYkA9YznX,Delbert,Pidgen,dpidgenc9@w3.org
dspearca,jWLGhiy2xK0f,Darcy,Spear,dspearca@arizona.edu
stretwellcb,fbo6RL4EB,Shela,Tretwell,stretwellcb@va.gov
cbanhamcc,Mv8LmqBoDHp,Cherianne,Banham,cbanhamcc@google.cn
ebierlingcd,vRPk7aV26,Ellie,Bierling,ebierlingcd@taobao.com
mflamentce,G0cPh1DRlQ,Marlie,Flament,mflamentce@instagram.com
pspawtoncf,DOZJWSM8t,Pavlov,Spawton,pspawtoncf@adobe.com
wmeatescg,1L0U43pYEBc2,Wes,Meates,wmeatescg@rakuten.co.jp
dkrikorianch,FLNiLrT6KCPK,Dunc,Krikorian,dkrikorianch@army.mil
vwatkinsonci,aDHUMFrztptc,Vladamir,Watkinson,vwatkinsonci@digg.com
jchyuertoncj,X5ATgcW4q,Jerad,Chyuerton,jchyuertoncj@hubpages.com
otealck,Lm35IZ,Orland,Teal,otealck@biblegateway.com
msantrycl,FAS5mLuoswR3,Merrily,Santry,msantrycl@indiatimes.com
mpieruccicm,sSBy6sb,Malcolm,Pierucci,mpieruccicm@springer.com
wletfordcn,qVgPksNDRZa,Whit,Letford,wletfordcn@deliciousdays.com
hzorzinco,mYPnovjNfyC,Heath,Zorzin,hzorzinco@indiatimes.com
cnisbycp,JuVfkQ6,Carmelia,Nisby,cnisbycp@buzzfeed.com
cbourcq,CsvD549,Chicky,Bour,cbourcq@theguardian.com
dadelsbergcr,e3faCDQfj,Dylan,Adelsberg,dadelsbergcr@independent.co.uk
rbesseycs,SpAfy5wui4p,Ralph,Bessey,rbesseycs@merriam-webster.com
mgilliamct,fDfMCO,Marti,Gilliam,mgilliamct@amazon.co.uk
rbaitsoncu,RiDVgCyM2FX,Rebbecca,Baitson,rbaitsoncu@go.com
alawleecv,TlGxfBu,Alva,Lawlee,alawleecv@omniture.com
theminsleycw,IpDu2NmH,Temp,Heminsley,theminsleycw@wordpress.org
zalpscx,jpUSO51,Zita,Alps,zalpscx@ezinearticles.com
oyakebowitchcy,VBDghIK3G,Octavius,Yakebowitch,oyakebowitchcy@sphinn.com
dducrowcz,vOCE8c,Dav,Ducrow,dducrowcz@pinterest.com
kfilyaevd0,xNxycLt6,Kristan,Filyaev,kfilyaevd0@xinhuanet.com
pshillsd1,EV7VE6flD5dr,Percival,Shills,pshillsd1@1und1.de
jblaszczakd2,CwFUa1gW,Jenifer,Blaszczak,jblaszczakd2@engadget.com
escoulerd3,9sYCRx79,Elston,Scouler,escoulerd3@imageshack.us
cjoddinsd4,soGCPQLCx,Candie,Joddins,cjoddinsd4@live.com
dgisbournd5,03IYfAD5Tv,Darcie,Gisbourn,dgisbournd5@wufoo.com
acruftd6,qOUZ6BVjOYt,Arnold,Cruft,acruftd6@jigsy.com
bjesticod7,93NHhAM0z,Brear,Jestico,bjesticod7@barnesandnoble.com
agumlyd8,w7o8Vm,Angie,Gumly,agumlyd8@is.gd
cmoined9,wy4gXvwntuU,Caldwell,Moine,cmoined9@dion.ne.jp
wuppettda,6uun3rvJ,Wendi,Uppett,wuppettda@epa.gov
nmuglestondb,dp6rmJUEx,Nadiya,Mugleston,nmuglestondb@cisco.com
ugouldebydc,zqGd2b8Mc3,Urson,Gouldeby,ugouldebydc@harvard.edu
reareydd,nv3CGdWCdo,Riordan,Earey,reareydd@ezinearticles.com
blermouthde,6PnMq9b,Brina,Lermouth,blermouthde@elpais.com
krodendf,pqb6NNZ,Karlene,Roden,krodendf@scientificamerican.com
cwimpressdg,xfBPfHBYdTRo,Cassaundra,Wimpress,cwimpressdg@nsw.gov.au
gscandrootdh,uVvDT5sS,Glad,Scandroot,gscandrootdh@usa.gov
jdarthdi,GjL9z3H,Jonie,Darth,jdarthdi@w3.org
jloudedj,mq7DiLeBKKi,Janelle,Loude,jloudedj@wp.com
mwinkdk,4TLWtO7DDj,Manuel,Wink,mwinkdk@squarespace.com
gmabendl,W2Sqchk,Gabbi,Maben,gmabendl@cam.ac.uk
ohawtondm,Ycu80PcAyF52,Odelle,Hawton,ohawtondm@telegraph.co.uk
mgrahamdn,WaafqeTU,Mindy,Graham,mgrahamdn@usgs.gov
dvallancedo,h12l2N,Doralia,Vallance,dvallancedo@themeforest.net
lneamedp,mZfAbQGb7ZL,Lauritz,Neame,lneamedp@smugmug.com
yaskendq,ZJfx0V,Ynes,Asken,yaskendq@nasa.gov
jshilvockdr,k1O20vpJ1a,Joy,Shilvock,jshilvockdr@ebay.co.uk
amahadyds,Czf0VD,Asia,Mahady,amahadyds@icq.com
rmaccourtdt,FjrVCzzW,Rosa,MacCourt,rmaccourtdt@clickbank.net
bhaddrilldu,EXUZkRS59G5t,Brunhilde,Haddrill,bhaddrilldu@1und1.de
rmitchinsondv,PMCjvhN,Rosemary,Mitchinson,rmitchinsondv@barnesandnoble.com
anewvelldw,bIaszJfnHi,Arty,Newvell,anewvelldw@xinhuanet.com
droddandx,ri6gnQp,Donavon,Roddan,droddandx@foxnews.com
igoldbergdy,gXI0Pql,Ignazio,Goldberg,igoldbergdy@guardian.co.uk
fmackimdz,ZBBXZ8D0,Fina,MacKim,fmackimdz@ocn.ne.jp
fbrandhame0,h4hENJ,Farrand,Brandham,fbrandhame0@facebook.com
abauduccioe1,7CTWjEDUjb7,Agustin,Bauduccio,abauduccioe1@google.com.br
rmuccie2,EMfCugzICgzo,Rozalie,Mucci,rmuccie2@hp.com
hkehrie3,bH8y0TTBegb,Herold,Kehri,hkehrie3@netlog.com
gsethe4,qhhXzmjdh,Grace,Seth,gsethe4@pagesperso-orange.fr
wsalzene5,MUGiY9FG,Whitman,Salzen,wsalzene5@networkadvertising.org
fscollicke6,6M5W37HY,Fara,Scollick,fscollicke6@zdnet.com
vglase7,YlLGnyr5JGNh,Vivianne,Glas,vglase7@comcast.net
smclugaishe8,cDyHGIE6dw,Sherlocke,McLugaish,smclugaishe8@wired.com
cmclainee9,ImtB64a,Clifford,McLaine,cmclainee9@nyu.edu
velfesea,HPr4LUith,Vinnie,Elfes,velfesea@storify.com
hchanningeb,EpalKE,Hugues,Channing,hchanningeb@discovery.com
hzanettiniec,Vryoo8PzZxq,Hayward,Zanettini,hzanettiniec@tinyurl.com
vbisphamed,8FvEE1mE,Viole,Bispham,vbisphamed@fotki.com
dseefeldtee,2RLztOZ,Danica,Seefeldt,dseefeldtee@cmu.edu
fdonoef,F5t7U9bN2DFj,Frederich,Dono,fdonoef@phpbb.com
lelsopeg,3NukCYJ,Lenard,Elsop,lelsopeg@google.com.au
lhumphersoneh,O0cANVgA5,Lynnell,Humpherson,lhumphersoneh@fema.gov
idevlinei,IXWucX,Isabel,Devlin,idevlinei@about.com
gkinghej,rA9i2wq9VJ,Gertrude,Kingh,gkinghej@yandex.ru
sstirleyek,1eIKkShy,Sherri,Stirley,sstirleyek@unesco.org
wpattinsonel,LyOEtg0lcVCn,Willabella,Pattinson,wpattinsonel@indiegogo.com
gwithamem,l5j7mdF,Gertrud,Witham,gwithamem@dailymotion.com
afinleyen,B5Ybxg,Alvie,Finley,afinleyen@cnet.com
jpalombaeo,uLWMmQU8kK,Justus,Palomba,jpalombaeo@gnu.org
csondonep,bcVpOJFv,Cristiano,Sondon,csondonep@angelfire.com
cleiskeq,Jgv6jE,Codi,Leisk,cleiskeq@utexas.edu
bvasileer,kKNrWK,Brigida,Vasile,bvasileer@adobe.com
kcloutes,KLZMHo1doU,Kit,Clout,kcloutes@parallels.com
pchavrinet,NL0qbNqIQ,Patrizio,Chavrin,pchavrinet@hexun.com
fnesteroveu,dKCyzoaX,Fielding,Nesterov,fnesteroveu@about.me
pmacallisterev,a0LWjD,Petunia,MacAllister,pmacallisterev@edublogs.org
mbeeew,YJdYPT,Meryl,Bee,mbeeew@godaddy.com
ldominguezex,fPfqVj55x4gX,Lorita,Dominguez,ldominguezex@discovery.com
vaxeey,dhVjRxJ7p,Virge,Axe,vaxeey@forbes.com
coruddenez,Wgo4uSzAvW,Cathe,O'Rudden,coruddenez@businessweek.com
pnelthorpf0,9fghK0ToC8W,Portie,Nelthorp,pnelthorpf0@nbcnews.com
davramovskyf1,JEycDFS5F4Z,Dion,Avramovsky,davramovskyf1@accuweather.com
cbunchf2,yD0Mtdp4A5T,Clay,Bunch,cbunchf2@ehow.com
dsavouryf3,emVxIaEe8I4u,Donalt,Savoury,dsavouryf3@meetup.com
aprimettf4,oOEI8J,Augusto,Primett,aprimettf4@netscape.com
glaverockf5,JRbhIG3,Georgena,Laverock,glaverockf5@google.it
lpetettf6,UmQyXPA398Y,Leyla,Petett,lpetettf6@delicious.com
hdisbrowf7,T9bmbhNK,Henrie,Disbrow,hdisbrowf7@themeforest.net
lsawartf8,8VfVvmNuMlpt,Lavena,Sawart,lsawartf8@dailymail.co.uk
adevillef9,YVUpFjdrYm,Aland,De-Ville,adevillef9@springer.com
pwillwoodfa,jCjld0N2eMLY,Putnem,Willwood,pwillwoodfa@goodreads.com
heburahfb,s0fU8J9X,Harwell,Eburah,heburahfb@cdc.gov
tmackiewiczfc,suvTDXCShnHy,Thelma,Mackiewicz,tmackiewiczfc@intel.com
mpeceyfd,jpY2To,Melli,Pecey,mpeceyfd@bigcartel.com
jverrickfe,bI35oQdrD8,Jodi,Verrick,jverrickfe@unesco.org
cmograff,C5TAwhhW,Carena,Mogra,cmograff@google.ru
dadolffg,zx0Sqo7,Drusy,Adolf,dadolffg@jimdo.com
pallansfh,qWgmGnPZO,Pen,Allans,pallansfh@bbb.org
ehrihorovichfi,e2qx1gwI4bhS,Ernie,Hrihorovich,ehrihorovichfi@macromedia.com
jrapefj,RauvvlpYHpI,Jory,Rape,jrapefj@theguardian.com
tproudleyfk,ZetuWHW,Toddie,Proudley,tproudleyfk@soundcloud.com
csailerfl,KbnaQlFJ,Cicily,Sailer,csailerfl@telegraph.co.uk
mmetrickfm,3XbJsiz7pN,Marguerite,Metrick,mmetrickfm@bbb.org
cdrooganfn,XAdkH2c1e6m,Cynde,Droogan,cdrooganfn@freewebs.com
clarverfo,I1nQj5jff7,Chelsy,Larver,clarverfo@amazon.co.uk
jcaldarofp,sSJn8Ta9,Jackelyn,Caldaro,jcaldarofp@hostgator.com
kgraemefq,yKSQxfjRqdP,Kipp,Graeme,kgraemefq@geocities.com
cmessumfr,zeDsBKZoQ,Cheslie,Messum,cmessumfr@apache.org
cpotburyfs,kWljTkDTot,Ciro,Potbury,cpotburyfs@weather.com
lmaroft,3uMhfeCBC,Leila,Maro,lmaroft@devhub.com
sveryfu,uDSJWI,Susan,Very,sveryfu@vimeo.com
mlambournefv,vGNGYvppV1m,Malvina,Lambourne,mlambournefv@ft.com
godooghainefw,hEgwChVSc,Gordie,O'Dooghaine,godooghainefw@zimbio.com
jposvnerfx,vrKADxG,Jannelle,Posvner,jposvnerfx@dot.gov
jcadlefy,TzDlExPz7T,Jud,Cadle,jcadlefy@ovh.net
jwoodruffefz,2QRrOUQfgLc,Jilleen,Woodruffe,jwoodruffefz@posterous.com
qbowdlerg0,FussR0lW,Quinlan,Bowdler,qbowdlerg0@webmd.com
dcatterillg1,GN9daIl2X,Drusilla,Catterill,dcatterillg1@columbia.edu
jluceyg2,7by6C5eC8Sh,Jocelin,Lucey,jluceyg2@sun.com
grubinfajng3,zLKWcd,Gwynne,Rubinfajn,grubinfajng3@altervista.org
wtollitg4,QGz9LX7l,Whitaker,Tollit,wtollitg4@lycos.com
lclemsong5,BjC3X0VSV2P,Lambert,Clemson,lclemsong5@purevolume.com
tcurcherg6,o1n9slrEZ,Tallie,Curcher,tcurcherg6@toplist.cz
gprestwichg7,TuaBwxf1u,Gaspar,Prestwich,gprestwichg7@jalbum.net
egriegerg8,YQ6vk75PcBh4,Erinna,Grieger,egriegerg8@ask.com
ccamillig9,CKiqo2,Chrissie,Camilli,ccamillig9@google.co.uk
hsmorthitga,aqarJ2YYn,Hartwell,Smorthit,hsmorthitga@i2i.jp
mrosenstengelgb,0YNzuzLyvf,Magdalen,Rosenstengel,mrosenstengelgb@adobe.com
abrestongc,nuEngOwKInX,Almeria,Breston,abrestongc@twitpic.com
cjeannotgd,clZ3Ok,Corrinne,Jeannot,cjeannotgd@wired.com
mkassmange,X6jluYAavdGj,Maynard,Kassman,mkassmange@skype.com
hkobgf,W4wg5YJLy,Horton,Kob,hkobgf@cornell.edu
tlyffegg,hROy8H,Timmy,Lyffe,tlyffegg@bing.com
alillicrapgh,gRsvAM,Arly,Lillicrap,alillicrapgh@discuz.net
obarltropgi,nPUh4RghPDnL,Olivie,Barltrop,obarltropgi@g.co
gdranegj,JVEhCQ3O2bKS,Gibb,Drane,gdranegj@dyndns.org
amiddlegk,cdyL4tU7,Alie,Middle,amiddlegk@opera.com
dbygl,yJCr5K5zkG,Davidde,By,dbygl@usgs.gov
prozziergm,jBdIz7F,Prescott,Rozzier,prozziergm@cocolog-nifty.com
mklaisergn,bnJ5WUb,Mill,Klaiser,mklaisergn@diigo.com
emaywardgo,4I4Sot,Edmund,Mayward,emaywardgo@over-blog.com
awinsergp,PnVQA3,Anthiathia,Winser,awinsergp@msn.com
mvargasgq,3yJu8lUvT,Maybelle,Vargas,mvargasgq@unblog.fr
ctreadwellgr,4Y9a7j0tPVM,Clyde,Treadwell,ctreadwellgr@google.cn
bdurnallgs,he6J30,Bertie,Durnall,bdurnallgs@theglobeandmail.com
osamudiogt,WjMK3e,Owen,Samudio,osamudiogt@dailymail.co.uk
njudgkinsgu,kg9c7PdOhfuf,Nikola,Judgkins,njudgkinsgu@hatena.ne.jp
csoarsgv,7uQuPp,Cassius,Soars,csoarsgv@wikispaces.com
mdominicaccigw,6w86mD,Max,Dominicacci,mdominicaccigw@state.gov
adalligx,VClFW6ldupG,Alexine,Dalli,adalligx@photobucket.com
khanstockgy,Nk1NIna,Kyle,Hanstock,khanstockgy@moonfruit.com
cbellshamgz,fz5BAmTLx3W,Cybil,Bellsham,cbellshamgz@examiner.com
ncoumbeh0,db3dNFC,Norina,Coumbe,ncoumbeh0@drupal.org
jpatemanh1,OYYot0CZmEo,Joelly,Pateman,jpatemanh1@loc.gov
lgaylorh2,qaRAjby,Leeanne,Gaylor,lgaylorh2@comsenz.com
jfairfullh3,EDe9VNcI,Jimmie,Fairfull,jfairfullh3@macromedia.com
ajohnstoneh4,Gf60mAnSG,Allx,Johnstone,ajohnstoneh4@flavors.me
mmcmeekinh5,Uhzv1UmO,Meade,McMeekin,mmcmeekinh5@answers.com
ffisbburneh6,ZYkdAlUh8,Floria,Fisbburne,ffisbburneh6@redcross.org
rpawelech7,i0xNkSCa,Rhonda,Pawelec,rpawelech7@joomla.org
tpicktonh8,wBgGgp0Fq91L,Tyne,Pickton,tpicktonh8@myspace.com
cstollenbergh9,vTAbaP3bBK,Cherise,Stollenberg,cstollenbergh9@ftc.gov
bmckeaneyha,8yqI1hjiH,Berry,McKeaney,bmckeaneyha@theguardian.com
kgollinghb,XBODDlEU5,Kile,Golling,kgollinghb@dmoz.org
kcanhamhc,6uHOVHj9a,Kim,Canham,kcanhamhc@gmpg.org
lvicaryhd,EMA4KQMn,Lotti,Vicary,lvicaryhd@ehow.com
graikerhe,6e0VkW,Ganny,Raiker,graikerhe@dagondesign.com
dchristophersenhf,UrBaMTd03,Dorotea,Christophersen,dchristophersenhf@imdb.com
rshurmerhg,aPW3uNa,Ray,Shurmer,rshurmerhg@hc360.com
pcordeuxhh,Xz64ma,Paolina,Cordeux,pcordeuxhh@google.cn
sdemarchihi,jC8m0hn2X3T,Silvia,De Marchi,sdemarchihi@so-net.ne.jp
kdemcikhj,9NGWRpmZ8,Kattie,Demcik,kdemcikhj@themeforest.net
anorgatehk,P1y9whNbk,Arnie,Norgate,anorgatehk@dyndns.org
sfilerhl,AmMX28FJ7hie,Salvador,Filer,sfilerhl@newsvine.com
ejosskowitzhm,ho7LNcqdm,Erick,Josskowitz,ejosskowitzhm@google.pl
mmacellenhn,qEQEZ3VC,Mag,MacEllen,mmacellenhn@abc.net.au
theskeyho,7Vbepj26Rh88,Travus,Heskey,theskeyho@skyrock.com
mwescotthp,103vHCrumsH,Mackenzie,Wescott,mwescotthp@chron.com
dbirminghamhq,mwpoyV,Dorena,Birmingham,dbirminghamhq@hubpages.com
dtregonnahr,GW0hGgQwD,Darin,Tregonna,dtregonnahr@nih.gov
sogushs,5DMSQk3TE4s,Siffre,Ogus,sogushs@ox.ac.uk
egusneyht,YycorQe,Elnore,Gusney,egusneyht@issuu.com
nbeechenohu,zM2sPTpNK,Nicoline,Beecheno,nbeechenohu@businesswire.com
scorbitthv,tAk9QQLkuK6,Shellie,Corbitt,scorbitthv@imageshack.us
lorishw,FcbmP9,Lyn,Oris,lorishw@prlog.org
cclemowhx,vKkiH69os,Callie,Clemow,cclemowhx@google.fr
ckunahy,a9LlmeNyo,Cherilynn,Kuna,ckunahy@themeforest.net
nswancockhz,VUTszMZb,Niles,Swancock,nswancockhz@theglobeandmail.com
sstithei0,BiB7S0e40v,Saundra,Stithe,sstithei0@indiatimes.com
letchesi1,LCy0ZvN,Leda,Etches,letchesi1@gnu.org
lmartellinii2,Adn3Ff,Leonhard,Martellini,lmartellinii2@usa.gov
mnorsworthyi3,tDB3bBfIGl0,Meghann,Norsworthy,mnorsworthyi3@wunderground.com
gkuhwaldi4,hmx3Ex3,Giorgio,Kuhwald,gkuhwaldi4@house.gov
crensi5,YqeqZyPQbf0,Cozmo,Rens,crensi5@geocities.com
enotleyi6,2cbqqH4T8Bud,Earl,Notley,enotleyi6@mashable.com
lpriddlei7,lOWsLdwne,Leslie,Priddle,lpriddlei7@yelp.com
cstaubyni8,M1H3GW7I,Crissy,St. Aubyn,cstaubyni8@vinaora.com
dmadgwichi9,2aI3KcAY,Dionis,Madgwich,dmadgwichi9@china.com.cn
abowshireia,0UCQoZq,Aubry,Bowshire,abowshireia@surveymonkey.com
aramshayib,TB5rrK68,Alvina,Ramshay,aramshayib@unc.edu
ntattertonic,q3O0qh2Xd,Nollie,Tatterton,ntattertonic@google.pl
shellisid,GfP3wH,Saundra,Hellis,shellisid@bigcartel.com
ishawie,RyMqOt,Inglebert,Shaw,ishawie@comsenz.com
garrigoif,zZ2zoXyDyS,Gloria,Arrigo,garrigoif@tmall.com
rmotherwellig,2aCWv29,Ricky,Motherwell,rmotherwellig@salon.com
mcharrettih,V4QXRSecuY,Maddy,Charrett,mcharrettih@boston.com
ayglesiasii,U5yQwoOrDdtt,Andy,Yglesias,ayglesiasii@tmall.com
ktyersij,Le9cbGDaTj,Kele,Tyers,ktyersij@google.com.au
gparkmanik,HFtcHkS,Gilly,Parkman,gparkmanik@house.gov
dperrinsil,yUGgjH2rIn,Daryl,Perrins,dperrinsil@mayoclinic.com
bleganim,IQyfB16Z,Blane,Legan,bleganim@rambler.ru
umcgennin,xbkVU9,Uri,McGenn,umcgennin@yahoo.co.jp
kworsleyio,hnVZvE,Karlee,Worsley,kworsleyio@360.cn
dnaisbetip,V8sx45F,Dael,Naisbet,dnaisbetip@ycombinator.com
tmargremiq,HNYujOoTgJt,Tannie,Margrem,tmargremiq@e-recht24.de
bbanbridgeir,MzWHmM,Britney,Banbridge,bbanbridgeir@fotki.com
jpapworthis,osqjY85sf,Jeanelle,Papworth,jpapworthis@omniture.com
vliptrotit,taMyDDr,Valaria,Liptrot,vliptrotit@wordpress.org
tmottiniiu,3SXLfK4V,Thaxter,Mottini,tmottiniiu@is.gd
gcracknelliv,ZKOEH52bP,Godwin,Cracknell,gcracknelliv@mayoclinic.com
tuttermareiw,Zhi7Zh1PbYf,Thaddus,Uttermare,tuttermareiw@elpais.com
wskillettix,KLs1q5xadj,Wilbert,Skillett,wskillettix@amazonaws.com
aengledowiy,qLLQwg1GYs,Artie,Engledow,aengledowiy@rambler.ru
rrudledgeiz,cOnYvmgRH,Royce,Rudledge,rrudledgeiz@pbs.org
wknowldenj0,I11rJDZU3l,Wenona,Knowlden,wknowldenj0@ucla.edu
ssouthcoatj1,dou9KgP,Silas,Southcoat,ssouthcoatj1@aol.com
balexandrej2,Xqi5o8,Billye,Alexandre,balexandrej2@hao123.com
jakkerj3,O9MXyDtFT,Jeremias,Akker,jakkerj3@creativecommons.org
rstanmorej4,89WYPUyxZRd,Rycca,Stanmore,rstanmorej4@baidu.com
docuddiej5,TzKKsU,Doug,O'Cuddie,docuddiej5@acquirethisname.com
bgasconej6,sKBcjwg,Barbara,Gascone,bgasconej6@apple.com
lboynesj7,idjiyaxEGbvT,Linette,Boynes,lboynesj7@linkedin.com
zsweetzerj8,0FSpiV,Zechariah,Sweetzer,zsweetzerj8@senate.gov
laldrichj9,dvVjViipCj7,Lorie,Aldrich,laldrichj9@youku.com
hreuterja,hKWO93g5,Hertha,Reuter,hreuterja@redcross.org
sclemanceaujb,sAREoTEhj,Shirlee,Clemanceau,sclemanceaujb@google.nl
pgethingjc,WTDm2c,Phillida,Gething,pgethingjc@alibaba.com
ccollopyjd,989NeKyQjkQ,Caddric,Collopy,ccollopyjd@youtu.be
vliggensje,EcfsFIZcx,Vere,Liggens,vliggensje@marketwatch.com
pgorgerjf,pTWyDFL28P9,Patton,Gorger,pgorgerjf@privacy.gov.au
astariesjg,Jgsy3GATV,Anneliese,Staries,astariesjg@epa.gov
mtilnejh,DGHlUl,Meridith,Tilne,mtilnejh@virginia.edu
fpevrealji,sBOeEsIkFFqu,Flora,Pevreal,fpevrealji@techcrunch.com
rquintonjj,QL3wZbF,Ramsay,Quinton,rquintonjj@reference.com
dhopewelljk,kRML21aWC,Domenic,Hopewell,dhopewelljk@reuters.com
detteryjl,N4nqf5yGda,Desirae,Ettery,detteryjl@mozilla.org
rtapsfieldjm,Mvjgcr6oNy,Rachele,Tapsfield,rtapsfieldjm@indiegogo.com
kbichenerjn,3qBCOFB,Kare,Bichener,kbichenerjn@baidu.com
emachanjo,Ct4xuj5hhfU,Eliot,Machan,emachanjo@elpais.com
mricartjp,7GEsnUvU0E3,Moise,Ricart,mricartjp@moonfruit.com
larnaezjq,pknhitw8,Lauren,Arnaez,larnaezjq@photobucket.com
bmahodyjr,bX7lU5VHZz,Boycie,Mahody,bmahodyjr@umich.edu
vgenesejs,2DbDQoo,Virginie,Genese,vgenesejs@geocities.jp
dmaccafferkyjt,ChFamfknPd9Q,Daron,MacCafferky,dmaccafferkyjt@marriott.com
bpicfordju,gNv9NCtxQ3,Britte,Picford,bpicfordju@prnewswire.com
gfarbrotherjv,VR3TGQE,Gunar,Farbrother,gfarbrotherjv@sun.com
jbeaganjw,GOxoBwaRoIX,Jessey,Beagan,jbeaganjw@is.gd
hinmanjx,xaDLdHt,Hayward,Inman,hinmanjx@w3.org
gmucklejy,xBvtvjP,Garold,Muckle,gmucklejy@wikia.com
sgleavejz,0tO1c9g5,Stephi,Gleave,sgleavejz@craigslist.org
zelank0,4CN7yPnR,Zane,Elan,zelank0@vimeo.com
rkloserk1,AVlyrCVAG,Rozina,Kloser,rkloserk1@arstechnica.com
sstegellk2,R3hvX4zvt0Ad,Samson,Stegell,sstegellk2@biglobe.ne.jp
bvasselk3,8hBhG8LxKYqP,Base,Vassel,bvasselk3@google.es
carpk4,WvGQ6xr5cAp0,Cari,Arp,carpk4@ucoz.com
atemplark5,UcE1yxg,Archibald,Templar,atemplark5@example.com
fdakersk6,sSx6p828jw,Forbes,Dakers,fdakersk6@woothemes.com
dfannerk7,DxsyYImmM,Dale,Fanner,dfannerk7@diigo.com
mgammadek8,IWnV3sxqs5p,Matthus,Gammade,mgammadek8@vinaora.com
cwoosterk9,icwwmDgUx,Curcio,Wooster,cwoosterk9@home.pl
mmateoka,mkQC2bH,Marni,Mateo,mmateoka@shareasale.com
jhobbenkb,QQQ6ijJ,Johann,Hobben,jhobbenkb@wsj.com
jmccaguekc,AraAp0qGXyYJ,Jasmine,McCague,jmccaguekc@un.org
hgligoracikd,VibQ8dcB4kw,Hastings,Gligoraci,hgligoracikd@sitemeter.com
cflowerke,eU2UiObO7kz7,Constancy,Flower,cflowerke@google.nl
nbaglowkf,XxCQ49,Nolana,Baglow,nbaglowkf@baidu.com
docklandkg,9cJof9hTAMBk,Dorothy,Ockland,docklandkg@exblog.jp
ncorishkh,DjPwxIKyrpqP,Natalee,Corish,ncorishkh@booking.com
classellki,iKXjXl5OuvBA,Casar,Lassell,classellki@privacy.gov.au
ipietruszewiczkj,CTXbVxA,Iris,Pietruszewicz,ipietruszewiczkj@auda.org.au
cwantkk,RvO88f598,Calla,Want,cwantkk@disqus.com
wkirklandkl,rDNqTEPrrhe,Woodie,Kirkland,wkirklandkl@umn.edu
sthurlbeckkm,OCmW0jLs,Sonnie,Thurlbeck,sthurlbeckkm@yahoo.com
athamskn,PtObcXz9,Anson,Thams,athamskn@constantcontact.com
cnelmko,sMgkidg,Cal,Nelm,cnelmko@nationalgeographic.com
ddonaldkp,rhXyB2WjftNo,Drusilla,Donald,ddonaldkp@tinyurl.com
dschrinelkq,c6Ub7Bb4i7D,Dorey,Schrinel,dschrinelkq@tiny.cc
lhendricksonkr,ZPjt3hwMW,Letta,Hendrickson,lhendricksonkr@nbcnews.com
fcarnockks,59SkNa,Farlee,Carnock,fcarnockks@hc360.com
dsemirazkt,KBB7jIMgFYh,Darya,Semiraz,dsemirazkt@unicef.org
bdillwayku,pxmb2qB6U7,Brynne,Dillway,bdillwayku@dion.ne.jp
aanmorekv,AWCBBPpJQ,Ashil,Anmore,aanmorekv@earthlink.net
kstrettonkw,QCOHtF,Kristal,Stretton,kstrettonkw@unesco.org
citzkovichkx,RaTCza9,Carlina,Itzkovich,citzkovichkx@wordpress.com
nsolleyky,supTJxMgC,North,Solley,nsolleyky@jugem.jp
akarelkz,xM8elzm,Abdel,Karel,akarelkz@diigo.com
ytamburil0,q4TX7hFc2hs,Yuma,Tamburi,ytamburil0@scribd.com
mwallingl1,HRw42xlrV9,Maryjane,Walling,mwallingl1@bloglovin.com
egirkinsl2,c3Tr9BL,Evania,Girkins,egirkinsl2@myspace.com
rbartelsl3,IvDDKV,Rachael,Bartels,rbartelsl3@nytimes.com
rstrutel4,rK7MR9J8D84,Rainer,Strute,rstrutel4@sfgate.com
cbumfordl5,QkXAMXbK,Camella,Bumford,cbumfordl5@google.pl
ssheachl6,G3AzsD,Sherman,Sheach,ssheachl6@canalblog.com
phastyl7,laG0HaTxtGcW,Porty,Hasty,phastyl7@fotki.com
mdoddridgel8,adNtgx2Jx1jV,Madelyn,Doddridge,mdoddridgel8@yale.edu
gcrannisl9,lI5KSUU,Gannon,Crannis,gcrannisl9@newyorker.com
bchurchinla,X8ihjiT74wRl,Bunnie,Churchin,bchurchinla@nydailynews.com
ndodgshonlb,FBrhLSs52aW,Nico,Dodgshon,ndodgshonlb@usda.gov
dmccahilllc,EBWiUv,Desiri,McCahill,dmccahilllc@xrea.com
jpawleyld,tLlRKtu,Justen,Pawley,jpawleyld@columbia.edu
lbassingdenle,WMPmlrcugx,Luelle,Bassingden,lbassingdenle@fema.gov
tmounseylf,0Olx6RpXGS,Traci,Mounsey,tmounseylf@slashdot.org
aeusticelg,fQUNXpr,Alphard,Eustice,aeusticelg@usa.gov
dgolbornlh,UJkbVbNGOZ,Dana,Golborn,dgolbornlh@hp.com
fmeehanli,hFutvt4WUN5,Fabio,Meehan,fmeehanli@prnewswire.com
ralbrechtlj,xov4NdWG,Reagen,Albrecht,ralbrechtlj@buzzfeed.com
sgonnellk,oX4eCeO,Savina,Gonnel,sgonnellk@nhs.uk
jgreenshieldsll,bh7Lop83,Jenna,Greenshields,jgreenshieldsll@ftc.gov
adouldenlm,Hb7KG5JQLlMs,Allyn,Doulden,adouldenlm@simplemachines.org
jpirdyln,1H9NpRvs,Job,Pirdy,jpirdyln@illinois.edu
dchinnlo,a4n9A3STUq1,Diarmid,Chinn,dchinnlo@wikimedia.org
lwinsparelp,So8ivGo9uuH4,Lorin,Winspare,lwinsparelp@si.edu
mgreadylq,PxacpSm,Morie,Gready,mgreadylq@tuttocitta.it
gmcmanamanlr,GE3zFW,Grace,Mcmanaman,gmcmanamanlr@fema.gov
ggowenlockls,RL9U1V1Y,Garnet,Gowenlock,ggowenlockls@qq.com
rprisleylt,mRzUHWX,Randa,Prisley,rprisleylt@gizmodo.com
lblackmorelu,xZlo3oeD,Lezlie,Blackmore,lblackmorelu@nytimes.com
kvanveldenlv,O7MfUHRF9JuI,Katrinka,Van Velden,kvanveldenlv@google.co.uk
salbertsonlw,8mODcrGDc,Saidee,Albertson,salbertsonlw@sun.com
cmcgeffenlx,AvNitrqc2pS,Chet,McGeffen,cmcgeffenlx@blogs.com
lcondiely,kgE5cZu,Lucius,Condie,lcondiely@imdb.com
kchilleylz,xDVILCb5fsz,Kelila,Chilley,kchilleylz@soup.io
cbohinm0,grfFgGnNbTa,Chariot,Bohin,cbohinm0@imdb.com
zetonm1,lFKedGDyo,Zackariah,Eton,zetonm1@surveymonkey.com
rcarrabotm2,jOJAFefqw,Ryon,Carrabot,rcarrabotm2@cnet.com
rvedenisovm3,JWUqeuH,Rik,Vedenisov,rvedenisovm3@mozilla.org
bschwandermannm4,lNkxYTRFcMLT,Bruis,Schwandermann,bschwandermannm4@wisc.edu
edeleekm5,nUV7BM2D19e,Emeline,De Leek,edeleekm5@opera.com
fiiannonem6,xFfM8FRn9FE3,Farlay,Iiannone,fiiannonem6@theglobeandmail.com
eberriem7,rV2kx3vUH,Ernestine,Berrie,eberriem7@discovery.com
slaurancem8,n2x4rSSg16,Sauncho,Laurance,slaurancem8@google.pl
oosgardbym9,BhkxkYE9eux,Orelle,Osgardby,oosgardbym9@vistaprint.com
cnollethma,oh6nI3Q,Constantin,Nolleth,cnollethma@ucla.edu
nnutleymb,tJSbAvOK7,Nikolia,Nutley,nnutleymb@uol.com.br
ktollfreemc,39H6grkVg,Karla,Tollfree,ktollfreemc@walmart.com
bziemeckimd,j4T6K5H,Bridget,Ziemecki,bziemeckimd@answers.com
sgabbettme,0sFkU9KX,Sydelle,Gabbett,sgabbettme@tuttocitta.it
cmeiklemf,iBKuPx4rdzV,Clarine,Meikle,cmeiklemf@weibo.com
rcrowcombemg,8dOIcbHF,Rhianna,Crowcombe,rcrowcombemg@sbwire.com
dahernemh,z9i9tnQ,Donny,Aherne,dahernemh@comsenz.com
lpetrescumi,EIoIN7DKkTXB,Loella,Petrescu,lpetrescumi@purevolume.com
bvanderweedenburgmj,WloQoWn,Babs,Van Der Weedenburg,bvanderweedenburgmj@cisco.com
ndaviesmk,R3ebWBFJL,Norman,Davies,ndaviesmk@free.fr
jshulemml,m4DX2ZBZUlEG,Josselyn,Shulem,jshulemml@businessweek.com
rduffinmm,H9ycU91FPI,Rosabel,Duffin,rduffinmm@slashdot.org
dleamanmn,G7IHtirO,Dorrie,Leaman,dleamanmn@alexa.com
trosevearemo,dLuumT6woTj,Tabbatha,Roseveare,trosevearemo@usa.gov
dmeleskmp,4ttigP44Sx,Dinah,Melesk,dmeleskmp@wikipedia.org
rhasneymq,OfipN5kxh,Rhianna,Hasney,rhasneymq@homestead.com
tcleevemr,BscFmJ,Tymothy,Cleeve,tcleevemr@google.fr
grobertms,MCkBEDxyuLWy,Guinevere,Robert,grobertms@nature.com
stutsellmt,yxvZMsUHd,Starla,Tutsell,stutsellmt@epa.gov
mwatfordmu,CKptzlqa8MdK,Marybeth,Watford,mwatfordmu@feedburner.com
bglenniemv,Oxcf8piQ,Bea,Glennie,bglenniemv@msu.edu
aphilcoxmw,7USOap,Atalanta,Philcox,aphilcoxmw@eepurl.com
hgeekiemx,aq0m8e,Humfrid,Geekie,hgeekiemx@reddit.com
rrosenaumy,TWzGzC,Raleigh,Rosenau,rrosenaumy@microsoft.com
ttruinmz,OJ4Li7,Thom,Truin,ttruinmz@vimeo.com
wdrippsn0,zyP4Zid,Wolfie,Dripps,wdrippsn0@boston.com
cfeelyn1,CWpCwFOY,Cecile,Feely,cfeelyn1@etsy.com
rnuzzettin2,fSPEnx1,Riane,Nuzzetti,rnuzzettin2@jalbum.net
krudsdelln3,x6QxmSRcpH,Kitty,Rudsdell,krudsdelln3@wsj.com
risaksonn4,zZcrF7SfVpr8,Rog,Isakson,risaksonn4@marriott.com
twisdomn5,8GWVOitwUn2,Tonie,Wisdom,twisdomn5@chicagotribune.com
atarlingn6,6a5nUQpNqL,Aloysius,Tarling,atarlingn6@diigo.com
gchisnelln7,zUVqLmalsk,Giselbert,Chisnell,gchisnelln7@bluehost.com
pkydn8,UcIS49v,Pamella,Kyd,pkydn8@sun.com
fmontrosen9,PHFJ9LSd7,Frayda,Montrose,fmontrosen9@dot.gov
mransleyna,W48ZQI,Margret,Ransley,mransleyna@ox.ac.uk
bcaldernb,fMJUmRPZ5,Beatrix,Calder,bcaldernb@jiathis.com
jackerleync,q8SEZpjd41,Joana,Ackerley,jackerleync@mlb.com
mpylkynytonnd,YKzpy3,Melba,Pylkynyton,mpylkynytonnd@hexun.com
brolinne,Upbt3wbL,Barbra,Rolin,brolinne@cnbc.com
fwhillocknf,ubhxP0h,Frederik,Whillock,fwhillocknf@wikipedia.org
cdiganng,E6Woc1bogKBe,Conrado,Digan,cdiganng@furl.net
myunh,KotBeOgT0,Marisa,Yu,myunh@etsy.com
mgiurioni,MLudmyBV,Mathias,Giurio,mgiurioni@state.gov
ostickneynj,JBxnsruh,Olivier,Stickney,ostickneynj@nifty.com
dmacbethnk,5tAtWhzQ36,Darrick,Macbeth,dmacbethnk@furl.net
lmcconnachienl,rqfLdDXU82,Lorrie,McConnachie,lmcconnachienl@jimdo.com
nsanbrooknm,nq8XWHr,Norry,Sanbrook,nsanbrooknm@google.fr
dgunnynn,pqwe6wIS3,Dannye,Gunny,dgunnynn@dailymail.co.uk
mstortonno,5pK5016,Marina,Storton,mstortonno@sakura.ne.jp
ssauvannp,OrIRH9FNTI,Sindee,Sauvan,ssauvannp@cdbaby.com
hpeasegodnq,YIIQWhOdT71Q,Honey,Peasegod,hpeasegodnq@comsenz.com
aroufnr,nu1RW4s1jg,Adair,Rouf,aroufnr@mtv.com
kduckhamns,isYumiafDS,Kenneth,Duckham,kduckhamns@usatoday.com
htomeont,gCVjc0zIr,Hewe,Tomeo,htomeont@yahoo.co.jp
etuxillnu,qfxgOR5f,Eadie,Tuxill,etuxillnu@intel.com
kheppenspallnv,2eA5YeNb,Kariotta,Heppenspall,kheppenspallnv@joomla.org
dkinghornenw,bUPn3bNaYk,Donnell,Kinghorne,dkinghornenw@unc.edu
cumfreynx,PLygoU6JgWr,Chickie,Umfrey,cumfreynx@theglobeandmail.com
kdracheny,ZaimDU3b,Klaus,Drache,kdracheny@posterous.com
gfairnnz,35izC92M,Gawain,Fairn,gfairnnz@narod.ru
tbrabbinso0,nlLhPpsHIa,Tiff,Brabbins,tbrabbinso0@ow.ly
gdukesburyo1,iuJI1k,Grissel,Dukesbury,gdukesburyo1@yahoo.co.jp
zjimenoo2,0j6mplw,Zebadiah,Jimeno,zjimenoo2@hibu.com
tmustchino3,HkODHasf,Trish,Mustchin,tmustchino3@examiner.com
emulqueeno4,9B0Q7836K,Erina,Mulqueen,emulqueeno4@webeden.co.uk
jbleibaumo5,VqM0ehGb,Jeana,Bleibaum,jbleibaumo5@yellowpages.com
blyddeno6,jHwO3NZN,Barnie,Lydden,blyddeno6@deliciousdays.com
asparkeso7,av9ofz1Qc,Arda,Sparkes,asparkeso7@cisco.com
ddackombeo8,aNrFHEiTFfa,Deane,Dackombe,ddackombeo8@zimbio.com
ggoskaro9,uyISWKm1qS,Godfree,Goskar,ggoskaro9@guardian.co.uk
jantramoa,wIzDGEula,Jock,Antram,jantramoa@indiatimes.com
djenninsob,QYHrEva,Denis,Jennins,djenninsob@google.nl
sizardoc,Yf0lXY,Svend,Izard,sizardoc@elegantthemes.com
lprettyjohnsod,fVXCLt7Obe,Lurette,Prettyjohns,lprettyjohnsod@tripadvisor.com
mmaxsteadoe,DLWVkdMplt,Morty,Maxstead,mmaxsteadoe@huffingtonpost.com
lnisetof,IL9tgV,Lucho,Niset,lnisetof@bravesites.com
klabbog,UJoPVBcri,Korrie,Labb,klabbog@dion.ne.jp
meltonoh,eixXdal,Mozelle,Elton,meltonoh@cornell.edu
gcornishoi,sMdjtdGpcz,Gleda,Cornish,gcornishoi@moonfruit.com
cschwaigeroj,Ff1FVZ5,Cam,Schwaiger,cschwaigeroj@globo.com
vreeveleyok,6BHPZwKnVh,Verene,Reeveley,vreeveleyok@utexas.edu
stalkingtonol,x2jLoDu641,Star,Talkington,stalkingtonol@upenn.edu
jebbensom,fmALnq,Jazmin,Ebbens,jebbensom@si.edu
rbooreron,JTzAJKOAp,Riobard,Boorer,rbooreron@mit.edu
bsimionatooo,W8xyr62Kb,Briano,Simionato,bsimionatooo@icq.com
dmcguinleyop,50ltehHthGV,Diandra,McGuinley,dmcguinleyop@loc.gov
glynasoq,5UmQdm,Garner,Lynas,glynasoq@yellowpages.com
acardozoor,4mbA5dZFDILL,Alden,Cardozo,acardozoor@ezinearticles.com
kreicherzos,8rcC7I,Katharina,Reicherz,kreicherzos@toplist.cz
obirtwellot,5PttT4Q,Obediah,Birtwell,obirtwellot@china.com.cn
rlemanuou,vZbxzA,Ronald,Lemanu,rlemanuou@biblegateway.com
bwarlockov,XPsiD9yuLL8,Beret,Warlock,bwarlockov@yahoo.com
blasselleow,VQtUeUIl8,Bea,Lasselle,blasselleow@ustream.tv
shamblingtonox,FOsxeHC0,Sadie,Hamblington,shamblingtonox@amazon.co.uk
cbeechenooy,F0p3FUk,Chandra,Beecheno,cbeechenooy@domainmarket.com
tfavelaoz,4wCgfu4,Torrie,Favela,tfavelaoz@tumblr.com
dreckp0,eFSG34GbR0yD,Dennie,Reck,dreckp0@sfgate.com
tphilipsenp1,4PydW1,Titus,Philipsen,tphilipsenp1@yellowpages.com
rsoldnerp2,QDt49MpwouA,Rosalyn,Soldner,rsoldnerp2@ebay.co.uk
selliotp3,WFVDrQAHF,Sherill,Elliot,selliotp3@liveinternet.ru
jcavyp4,dnVFaPnx,Jarrad,Cavy,jcavyp4@wikipedia.org
etiesmanp5,H6KFdSlTL8m,Emelyne,Tiesman,etiesmanp5@eepurl.com
cavenp6,nvluCJcHZYbQ,Cindy,Aven,cavenp6@latimes.com
emcowanp7,nHlyXy4YKWK,Etti,McOwan,emcowanp7@moonfruit.com
mtomischp8,bedMTK0wSJ3O,Marabel,Tomisch,mtomischp8@ebay.com
jlawryp9,CP8BH0,Jenica,Lawry,jlawryp9@meetup.com
splackstonepa,SJye6gUIymQ,Stillman,Plackstone,splackstonepa@cdbaby.com
fgrayshonpb,B2NCla0IMj,Frasco,Grayshon,fgrayshonpb@nytimes.com
jdebiaggipc,gMPEf0A7gzJ,Jaclyn,De Biaggi,jdebiaggipc@biblegateway.com
tgomanpd,TvlEEczFvVgx,Torrey,Goman,tgomanpd@theguardian.com
smutterpe,VWqytY,Sherri,Mutter,smutterpe@umich.edu
ocranfieldpf,YBSEcGFmrKg,Orren,Cranfield,ocranfieldpf@zdnet.com
arodellpg,GAqTKDylRzBS,Alejandra,Rodell,arodellpg@netvibes.com
clindeph,JJtwiFhnp,Calv,Linde,clindeph@craigslist.org
kbaxsterpi,J6Fg1eW,Katinka,Baxster,kbaxsterpi@usa.gov
dcasinapj,dwCDgq5km,Dian,Casina,dcasinapj@bloglovin.com
asmietonpk,3Gt7O8,Alis,Smieton,asmietonpk@twitter.com
lfeavearyearpl,USRkZG09,Lucky,Feavearyear,lfeavearyearpl@imageshack.us
shabeshawpm,brnPUE7QM913,Sissy,Habeshaw,shabeshawpm@whitehouse.gov
skenningleypn,fsth4mRL,Shannan,Kenningley,skenningleypn@domainmarket.com
hglaisterpo,wZNMgklAv,Hieronymus,Glaister,hglaisterpo@odnoklassniki.ru
cstollwerkpp,GNWCVDnifv,Cilka,Stollwerk,cstollwerkpp@usnews.com
hspurdenpq,Dwo4AG4,Humfried,Spurden,hspurdenpq@ask.com
mclarkepr,PwgOQYEK,Malia,Clarke,mclarkepr@columbia.edu
ikleineps,V2fx4Iv,Immanuel,Kleine,ikleineps@loc.gov
adeeringpt,AmoI56S,Alejandro,Deering,adeeringpt@buzzfeed.com
jparadinpu,Z26yHoPLp,Jemima,Paradin,jparadinpu@reverbnation.com
aaumerlepv,WDUdHLr3P,Adoree,Aumerle,aaumerlepv@scribd.com
kjedrzejkiewiczpw,qSKGXUCCwucL,Kelli,Jedrzejkiewicz,kjedrzejkiewiczpw@sbwire.com
tbealingpx,9wZIfZ,Timothy,Bealing,tbealingpx@mozilla.org
tberrymanpy,xyNlbiZCq81,Thedric,Berryman,tberrymanpy@harvard.edu
cguntherpz,2Q54zXnf50sl,Care,Gunther,cguntherpz@ow.ly
umerfinq0,83IKaxEpIrS,Urbanus,Merfin,umerfinq0@xing.com
rtukelyq1,0wgcCvq4EdJT,Randolph,Tukely,rtukelyq1@washingtonpost.com
bscempq2,dniTVMzcCr,Bethany,Scemp,bscempq2@ustream.tv
tnorvilleq3,lZuskNdyOHQ,Terry,Norville,tnorvilleq3@va.gov
pcosgreaveq4,QnvOsNWkjpk,Pepi,Cosgreave,pcosgreaveq4@blogtalkradio.com
lbennerq5,vzkWZrvjjX,Lorrie,Benner,lbennerq5@last.fm
mhuygheq6,A5ZaGUv,Montgomery,Huyghe,mhuygheq6@phoca.cz
ctanslieq7,O1RwWa497PR,Casey,Tanslie,ctanslieq7@businessweek.com
dblucherq8,PApNCwWfn5mu,Dennison,Blucher,dblucherq8@google.fr
vdraneq9,jgQCSF9Lzky,Vernice,Drane,vdraneq9@nhs.uk
rgarleeqa,rsoDSpd,Ruddy,Garlee,rgarleeqa@usnews.com
cgillisqb,ZIl5TGAs3,Carita,Gillis,cgillisqb@reddit.com
alotonqc,QLosEmazs,Aurie,Loton,alotonqc@nature.com
aralestoneqd,1mNzsj,Amii,Ralestone,aralestoneqd@nymag.com
rlarkkemqe,gOBBEK9chx,Robinette,Larkkem,rlarkkemqe@epa.gov
bmaberleyqf,ys4GBH5WBr7,Brande,Maberley,bmaberleyqf@ycombinator.com
swannqg,PuEqnvQC,Shannon,Wann,swannqg@smugmug.com
ristedqh,rDjzKNDGNb,Rahal,Isted,ristedqh@myspace.com
bpeppardqi,4MxhUz,Bowie,Peppard,bpeppardqi@cisco.com
blockerqj,ikPQxHSqGA,Brandie,Locker,blockerqj@canalblog.com
edeeryqk,M3gGh1,Emelda,Deery,edeeryqk@meetup.com
bclewleyql,u5nBUCos,Brnaba,Clewley,bclewleyql@imgur.com
asevilleqm,ZPUB7L3NKUd,Aubrette,Seville,asevilleqm@stanford.edu
nraimanqn,gf1VQloyYw,Naoma,Raiman,nraimanqn@craigslist.org
iiornsqo,DBduwLX0vK,Irving,Iorns,iiornsqo@seesaa.net
trowcliffeqp,Lm3c0pT,Tomas,Rowcliffe,trowcliffeqp@nytimes.com
ocrasswellqq,mYiqMOn8VXai,Obidiah,Crasswell,ocrasswellqq@cnet.com
kcarriageqr,JenOlnp5,Kevin,Carriage,kcarriageqr@webs.com
sbenmoreqs,VO1Xmt,Sol,Benmore,sbenmoreqs@timesonline.co.uk
tfilyaevqt,LRPb4O,Talbert,Filyaev,tfilyaevqt@hhs.gov
ysondonqu,bsmKe23OiVF,Yulma,Sondon,ysondonqu@bbc.co.uk
mpatricksonqv,BarnyefJ,Melinda,Patrickson,mpatricksonqv@studiopress.com
mrewcassellqw,UkbjYFV,Mada,Rewcassell,mrewcassellqw@mac.com
tphilimoreqx,bRtRNrjhi2,Thatch,Philimore,tphilimoreqx@usnews.com
kphlippiqy,3lXD6srOENWm,Kelwin,Phlippi,kphlippiqy@hc360.com
ljaggerqz,rfkFWE3,Lou,Jagger,ljaggerqz@pagesperso-orange.fr
mglinder0,QkeOAFjkA,Morissa,Glinde,mglinder0@storify.com
wericksonr1,QkvCVjY7wHCs,Wenonah,Erickson,wericksonr1@t.co
pvenabler2,70sJCtmlEi7X,Petey,Venable,pvenabler2@issuu.com
adanbrookr3,bgK3G8,Abbey,Danbrook,adanbrookr3@wikia.com
edrowsfieldr4,zQqr65,Eadith,Drowsfield,edrowsfieldr4@canalblog.com
aashfieldr5,tXp7AVepp0Av,Adair,Ashfield,aashfieldr5@berkeley.edu
sgomanr6,ZRJDiqW,Sanford,Goman,sgomanr6@eventbrite.com
otinglyr7,BT432ABEysu,Orella,Tingly,otinglyr7@google.com
gscocroftr8,3uap6NehKnm3,Glenden,Scocroft,gscocroftr8@constantcontact.com
vgraemer9,RSAyu01TYeJC,Valera,Graeme,vgraemer9@cocolog-nifty.com
sbaggianira,fjzfH7YH,Suki,Baggiani,sbaggianira@sina.com.cn
gtolemacherb,rAThzv4,Geoff,Tolemache,gtolemacherb@ameblo.jp
wlemerchantrc,HF6x9z,Wilburt,Le Merchant,wlemerchantrc@army.mil
jmarshalrd,KemTWI,Jacquette,Marshal,jmarshalrd@youtube.com
sstetsonre,6C7K6eF5,Sergeant,Stetson,sstetsonre@about.me
zwildingrf,btulWZX,Zuzana,Wilding,zwildingrf@berkeley.edu
ykornelrg,wpszgSKW0mRg,Yolanthe,Kornel,ykornelrg@opera.com
sgravetrh,NsLP4AFE,Seymour,Gravet,sgravetrh@desdev.cn
ybusainri,1gBacMr,York,Busain,ybusainri@chron.com
atriperj,GvQdR2l7,Anna-maria,Tripe,atriperj@geocities.com
sodochertyrk,dAxoDSqUW8ff,Stearn,O'Docherty,sodochertyrk@friendfeed.com
mblemingsrl,Ephl4UbfEZ,Meghann,Blemings,mblemingsrl@blogtalkradio.com
jfargierm,z8PwpkL,Joscelin,Fargie,jfargierm@woothemes.com
ciglesiazrn,Qd9uumnQ2cJ6,Carmita,Iglesiaz,ciglesiazrn@mapquest.com
trocksro,6onVNU0,Tiffani,Rocks,trocksro@histats.com
jlynnrp,wGHXFU7A,Joyce,Lynn,jlynnrp@dyndns.org
lblasettirq,PuNbUbeQ,Lindie,Blasetti,lblasettirq@slate.com
cleprovostrr,O4AVFxTfkURV,Cece,Le Provost,cleprovostrr@shareasale.com
